{
  "norm_stats": {
    "state": {
      "mean": [
        0.0,
        0.0,
        0.0,
        0.0,
        0.0,
        0.0,
        0.0,
        0.0
      ],
      "std": [
        0.0,
        0.0,
        0.0,
        0.0,
        0.0,
        0.0,
        0.0,
        0.0
      ],
      "q01": [
        0.0,
        0.0,
        0.0,
        0.0,
        0.0,
        0.0,
        0.0,
        0.0
      ],
      "q99": [
        0.0,
        0.0,
        0.0,
        0.0,
        0.0,
        0.0,
        0.0,
        0.0
      ]
    },
    "actions": {
      "mean": [
        0.0002472652413416654,
        0.00011509842443047091,
        0.00006802248390158638,
        -0.00010434149589855224,
        -0.0007946268888190389,
        0.00039001964614726603,
        0.5725253224372864
      ],
      "std": [
        0.009293895214796066,
        0.013068955391645432,
        0.012237600982189178,
        0.02706059440970421,
        0.029010722413659096,
        0.07365255802869797,
        0.4946993291378021
      ],
      "q01": [
        -0.028139635920524597,
        -0.04095644490122795,
        -0.02585052269101143,
        -0.07844615316391002,
        -0.09085639047622673,
        -0.19910553836822498,
        0.0
      ],
      "q99": [
        0.027290359139442444,
        0.04009152182936668,
        0.039545045781135546,
        0.07740932369232167,
        0.0744724512100221,
        0.1925027742385863,
        0.9998
      ]
    }
  }
}